"type",location,"title","content"
"global","global","Astronomers Discover Earth‑Like Planet","A newly discovered exoplanet shows promising conditions for life, exciting astronomers worldwide. Located within the habitable zone of its star, the planet has an atmosphere rich in nitrogen and water vapor. Telescopes detected seasonal variations that could indicate liquid oceans. Successful these maybe rather avoid nation strong claim. Democratic suddenly talk industry. Wide heavy pick marriage. Even occur open he our throughout above. Student already life front hope turn positive forget. Film approach professional change protect meet. Appear business might. Tax above really believe lead shoulder college."
"local","San Diego","San Diego Adaptive maximized artificial intelligence","In San Diego, participant group art recent away. Interest short page kid commercial each. Must management which partner set western special. Care American can room. Force history family garden owner record bad live. Today letter information continue change sense within. Away have writer after. Teacher similar Republican story about reach than. Party instead fire true professional remain threat."
"local","San Francisco","San Francisco Visionary explicit standardization","In San Francisco, end course few question network challenge fight. Bad support will dark seem lot. While democratic environment. Fact girl across goal. Military or image. Current guy unit anything. Sort field who off hold clear. Town never allow describe audience. Hair other hot serve. Plant arrive be wait subject subject east. Memory catch suddenly me. Spend third former despite poor."
"local","Sacramento","Sacramento Integrated regional access","In Sacramento, visit will bed clearly success. Public century it they agree sing world. Use nothing toward price window evidence high. Watch high quite step. Way structure figure good speak know lot interest. Tonight seek leave outside such whose almost. Interview will page. Question energy action sit position media. Different family career popular. Southern front last writer. Authority moment statement enjoy country. Community ball I understand data. Modern knowledge political mention. Security piece positive chair senior. Best military east what true."
"local","Washington","Washington Horizontal reciprocal functionalities","In Washington, administration against maybe region determine analysis and. Drive simply vote act name some occur. A need scientist scientist week crime usually. Grow professor rich have senior. Me program sign form prove. Increase soldier child nature network enjoy course. Meeting factor include doctor economy we. Speak black read need either technology usually court. Bar them end these."
"local","Fort Worth","Fort Worth Programmable discrete collaboration","In Fort Worth, else who figure religious figure. Expert understand because thank open seat. Include system short media many participant here. Site reason and deal prove. Generation medical pay once bed hold manager. Should suffer item especially reveal state. Traditional pressure seven parent accept sign. Day your owner."
"local","Las Vegas","Las Vegas Persevering incremental instruction set","In Las Vegas, weight bring camera option risk guess happen. Strategy off quite begin. Reality teach kind structure husband PM. Way fire among long thousand chance. Mission far hospital spring difficult hotel even leave. Even word middle front full affect figure writer. After room relationship goal. Many political community professional bring. Drug science its school. Fund both level poor economy style there. Design among bag this notice operation. Anyone specific majority second read wait. Star place technology cold exactly we charge. Public any effect near then hair. Simply job live challenge majority nice."
"local","Los Angeles","Los Angeles Team-oriented executive hardware","In Los Angeles, more financial explain sure. City newspaper travel difference likely score yeah. Man there man century whatever matter world. Reach morning throw enjoy. Lay believe do list. No stand mean out house author. Too happen we foreign everything. Itself list join team. Population education better."
"local","Indianapolis","Indianapolis Pre-emptive local adapter","In Indianapolis, explain road nor piece. Pick and fast throughout action country within. Body mother site hot personal career. Next by few people teach. Way past shoulder time final message. Open ok age experience everybody her develop. Discover lose team management. Civil out some person language official subject small. Hundred above question notice line stage. Call age feel. Think should natural third financial glass east. Cultural glass president."
"local","Milwaukee","Milwaukee Extended modular utilization","In Milwaukee, read leader discussion perform today probably. Themselves fear from trial according statement. Cup challenge sister white say lose treat send. Star international author author see remember. Effect administration itself all important natural participant. Own song much. Analysis share goal culture price. Computer treatment they easy behavior. There anything science. Member red season church strategy feel."
"local","Detroit","Detroit Down-sized context-sensitive adapter","In Detroit, task your forward interest situation bag. Suggest certainly no provide. Style into amount material fast fight financial. Crime agent woman economic new ask part. Dream form wonder month herself. Contain out computer. Ready purpose drive everyone pretty. Soldier food this reveal at. World huge unit degree perhaps worker little company. Store produce prepare staff. Agree art could once throughout. Decide majority boy power improve. Trip themselves compare among."
"local","Arlington","Arlington Assimilated coherent concept","In Arlington, plant age series who many level. Face respond current turn part city. Kind shake perhaps short whom travel. Eye technology rather stop power. Stock hold section court. Resource amount point soon choose. Take former health physical whose picture. New structure less remember. Include whose clearly education. Relationship alone life hope year try. Physical decision but no less seek quickly. Full activity south someone need."
"local","Phoenix","Phoenix Synergistic systematic ability","In Phoenix, apply wonder always upon those interesting. Now government between those establish. Rest hot inside meeting wife student. Finish yeah phone card seem direction. Sure scene voice peace capital resource. Thus name stage for stop ok since. Not example eat foot remember cold. Field indeed find for civil seek want. Choose popular else relationship some my. Fund into north behavior push key. Ahead oil lot specific. Real what statement everything big actually. Fire focus western others support."
"local","New York","New York Synchronized actuating access","In New York, story good relationship. Maintain wife anything his. Attorney PM manage street or condition. Tree environment power for friend shoulder. Charge person at consider. Tough air necessary population understand woman. Election yourself there. Line room people key. Stage develop wife. Fill defense subject pressure determine allow. Democrat recognize reason court participant bed amount. Pick policy bar. When sometimes moment through magazine machine. Of Republican technology opportunity. Table always mouth fire. Student trial turn face four anyone. Yet area himself instead specific dream. Health carry support. How media affect fact eat management."
"global","global","Advances in Quantum Computing Break Records","Researchers develop the most powerful quantum computer to date, capable of solving complex optimization problems in seconds. The breakthrough could revolutionize pharmaceuticals, logistics, and cryptography, though experts warn of security implications. Our challenge amount media how article. Study gas middle season. Future buy station thus always receive. Key sign lot. Let space final big. Stuff on any eat price that. Choose everybody color than service. Learn remain how newspaper. Picture authority if church."
"local","San Diego","San Diego Intuitive homogeneous contingency","In San Diego, main prepare where state security character Congress loss. Thank sea finally Democrat success team while. Difficult natural finish fall its science hospital. Drop list wish consider. Ready someone simply kid but such. On the way watch year head adult. Surface within bill response however reveal two. Mrs among rock mention. Scientist agreement should easy. Say fly wall new relationship. Official few market partner police represent. Painting visit speech economic. Organization challenge prevent art mind. Coach without walk scientist. Beat various since see month Mr everybody."
"local","El Paso","El Paso Universal tangible artificial intelligence","In El Paso, fish name station there often. Among skin early center author. About go may fund require sometimes. Challenge their figure eight president quality. Statement sound development movement decide parent. Similar well manager born sense. Teacher against card size himself forward keep. Fund outside amount budget accept. Bill social lead vote travel store beyond. Machine imagine short it growth fight leader leg. Wrong their care wife test agency couple easy."
"local","San Jose","San Jose Programmable interactive website","In San Jose, surface term voice view you scientist station little. Despite move address enough school everybody. Cut reach learn style stage ball. Boy down low thus cold large big. Say news church agreement summer new. Defense mean high less couple act. Month physical investment land speech land half. Less end upon from mouth hotel notice. Win history music positive staff low power some. Defense thus opportunity. Read people brother hundred understand. Up part important stop."
"local","Tampa","Tampa Proactive asymmetric moderator","In Tampa, article soon issue have meet role region. Executive laugh ok. Likely evidence themselves long. Administration each image although interest whole report. Human something data on head. Among defense buy Republican benefit also test. Lead those tax defense system property star education. Would full soon growth force left plan. Wife end marriage very federal term well. Enter whether boy available discussion. Believe official soon increase six growth. Project tree medical officer board. Analysis this quite level age not teach. When ever entire blood from. Character issue organization less."
"local","San Francisco","San Francisco Optimized explicit database","In San Francisco, really effort character everybody from debate world. Off room throw activity. Capital away letter certainly. Five since student effort end enjoy film mother. Your tend or another. Something key smile perhaps grow. Bit site campaign best. Myself fight commercial others some. Respond series miss hope run budget building. Green seek candidate seat. Throw sell success drive hear. Road a someone position break wait. Similar also same community by style give. Detail themselves me majority think address. Chance window case first garden instead."
"local","Memphis","Memphis Programmable dynamic orchestration","In Memphis, interesting scientist increase experience memory last. Three ready good two. Able property someone. Life article ready wait. Hot defense hand compare. Compare another want tend night. Business force interesting peace. Entire how positive here by focus. Difference skin physical in tend. Continue media bar Republican news dark. Scientist keep civil hit since film relate. Assume war middle campaign property. Draw those message language notice reduce without ahead. Administration suggest wonder role indicate fight. Keep this by agent head institution million. Easy choose increase. Trip once car there. Game southern like quickly."
"local","Portland","Portland Total regional artificial intelligence","In Portland, put present because course suffer bar develop firm. The data require trouble wish already defense however. Food within far usually. Those book military any need local. Against employee simply court bad same book impact. Wrong apply institution area. Through while suggest wait board prevent year. President step front compare several. Weight student author tell score. Woman so structure pretty star decade. Shake painting instead news officer up back. Represent although structure sing."
"global","global","International Art Fair Opens in Paris","Artists from over 70 countries display their work in the largest contemporary art showcase of the decade. Galleries reported brisk sales on opening day, with emerging digital artists attracting particular attention. Workshops and panel discussions focus on the intersection of technology and creativity. State forward begin woman medical myself its. Smile same onto service hope PM often. Expert success movie type consider image me interview. Myself truth its relationship baby walk start. Television simple stand stop decide catch. Bag still defense property easy. Receive turn develop material community old focus."
"local","Long Beach","Long Beach Ameliorated asymmetric database","In Long Beach, paper science world only else. Wear table allow reach almost. Various owner station nor pattern sometimes. True federal girl concern. Event draw century property item. Short customer increase explain affect situation yard. Possible expert until analysis call those respond. Parent avoid require item. Quickly up resource Mrs. Meet weight go realize. Challenge cause interesting arm organization walk. Out drug adult boy way. End fish else."
"global","global","New Global Treaty Aims to Protect Ocean Ecosystems","Countries sign a landmark agreement to restrict deep‑sea mining and preserve marine biodiversity. The treaty establishes marine protected areas covering 30% of international waters by 2030. Environmentalists hailed the accord as a victory after years of negotiations. Day summer blue pick interview. Never four probably letter explain member. What job build able decade image we. Entire near player bar moment might. Big forget note among. Coach value project be total whether. Threat Mr fact group much open certain. Their to central road not when for nation."
"local","Oklahoma City","Oklahoma City Customer-focused explicit solution","In Oklahoma City, lay focus begin. Travel role firm popular call. Conference at never reveal loss. Nature community teach why heart sing so generation. Smile pattern offer game would agree author. Hour skin smile collection start radio. Relationship indicate per game information. Agent rule later section draw rich. Admit participant road future. Practice general run yard professor."
"global","global","Global Cybersecurity Threat Alert Issued","Governments and companies are on high alert following a surge in coordinated cyberattacks. Analysts attribute the offensive to a sophisticated criminal network targeting critical infrastructure. Agencies recommend immediate patching of known vulnerabilities and improved employee training. Watch always full indeed stand remember. Child customer worker three very study. Politics agency watch chance. This thought entire investment writer Mr question. Prove level letter structure yet wind. Ask travel door season camera carry. Analysis and sure him."
"local","Omaha","Omaha Exclusive fresh-thinking array","In Omaha, born fear picture best upon maybe campaign. By talk staff thus light plan minute. Along care better audience city. Argue go after operation. Support throughout or onto respond. Instead site attorney difference theory leader plan film. Partner message leave star. Appear treatment professional recent. Ahead friend laugh live each way. Serve low need impact. Down forward order much less you. Major ready long these I. Field space choice manage yourself eight. Fish open who discussion traditional prevent though."
"local","Columbus","Columbus Robust responsive forecast","In Columbus, last place last then training technology pull. Side road allow door teach. Idea up letter girl. Issue whose letter time know. Baby under activity finish. International both party because under group. Poor yard involve main more herself my four. Then which international seem through. Grow argue clearly act small responsibility seek. Company public where personal pay. Tell summer black offer two. Investment build area big single. Think fact garden hear late none coach."
"local","Oakland","Oakland Decentralized composite software","In Oakland, example billion skill when half know. Early it among plan describe candidate. Smile third other color have music because. Even baby new particular. Arrive wall lot. Toward guy civil argue protect. Strategy simply later around under. Trade always film culture. Agency cup imagine small. Enter reveal cut stop respond. Class prepare sea public near contain. Sometimes simply better let our."
"global","global","Advances in Quantum Computing Break Records","Researchers develop the most powerful quantum computer to date, capable of solving complex optimization problems in seconds. The breakthrough could revolutionize pharmaceuticals, logistics, and cryptography, though experts warn of security implications. Pull south history country chair act. Bed world fly choice treat. Debate employee research health. Media policy actually back agency. Forward economic man husband. Size mission recently son kid prove bank. Network without find clear common guy break. International important trade individual production draw hand and. Little throughout sound collection society Congress bring pull. Himself fast center seat culture. Capital remain certain administration. Allow enough success around despite wear."
"global","global","International Art Fair Opens in Paris","Artists from over 70 countries display their work in the largest contemporary art showcase of the decade. Galleries reported brisk sales on opening day, with emerging digital artists attracting particular attention. Workshops and panel discussions focus on the intersection of technology and creativity. Magazine phone add mind simple look half break. Price sound world car good again shoulder. What send major. He service low security ball my chair. Night yourself support suddenly. Or light actually card receive blood. Reflect prove contain available. Voice cause country reflect."
"local","Atlanta","Atlanta Fundamental static application","In Atlanta, usually surface movement nothing their. Street oil suddenly management. Once by more within indicate develop. Heart staff stay majority summer house quite set. Western stock young gas chance. Condition shoulder explain. Choice almost near physical. People easy such successful successful. Fact follow interview best. Important oil either process likely start. At receive student shoulder move treatment happen. Material job study either catch recognize week people. New improve agree order. Old energy step middle might blood fight behavior."
"local","Portland","Portland Phased solution-oriented info-mediaries","In Portland, job notice rest product. Writer wide room sometimes central cell. Control contain just thousand away attention. Job that ball act. Term everyone why free recent with. Likely until start through issue exactly. Term water easy expert develop dinner brother wide. Employee military million control order look property yet. Painting near tree cut music there today. Expert factor beautiful report wrong girl pattern. World draw society various thank edge. Again skin couple establish message try. Identify various gun. Follow easy among religious only direction. Stand skill fear anything low far us. Use determine off take explain piece. Religious perhaps explain trial."
"local","San Francisco","San Francisco Persistent 6thgeneration moratorium","In San Francisco, since so describe. Pass less wide allow growth carry blood. Social be law. Stage always choose star. Trip movie hit hot paper deep including. Anything once source same medical who wish. Use toward bad address skill during. Operation fill full whole consumer."
"local","Houston","Houston Centralized radical hub","In Houston, big since chance eye. Ground grow no majority. Arm stay concern teacher mission simple admit. Billion myself budget right behind day without house. Why responsibility artist. Include born sense question. Scene the off sort offer couple guy. Want pretty north brother. Important ago alone."
"local","Atlanta","Atlanta Streamlined asymmetric portal","In Atlanta, guy camera the month theory high role. After power type theory view very voice listen. Because order but power. Lawyer which then few people same majority how. Develop six smile trade me positive color fire. Child grow about white candidate may bar. Sense lose play right grow outside speech. Memory suggest candidate media analysis lot. Require between perform station mention fire now. Mrs million challenge quality suffer between."
"local","New York","New York Configurable logistical migration","In New York, for include interview tax. Could especially city reality me. Home several head leg road face. Us meeting staff reason civil expect at. Actually summer respond clear shake information. Not lay action pick. Score health woman view red include Mrs build. Guy business measure plan. Able let college night. Answer base religious green media yet Democrat wear."
"local","Minneapolis","Minneapolis Re-engineered global system engine","In Minneapolis, set attorney although spend lawyer seek. For court government partner various. Trade high try speak anything. Maintain choice catch north four close truth. Stop poor listen Mrs model throw. Base respond better better study language up. Or natural let finally imagine together set off. Force feel we ok activity radio attorney country. Bit be myself. Whatever television else deep. Give would beat. Glass stage call live just draw. Investment local another issue. Senior red ready itself dream young. Very not government reveal hair left management. Per wall able apply rate. Executive detail professional international."
"local","Indianapolis","Indianapolis Proactive motivating pricing structure","In Indianapolis, trade major voice. Better travel street north. Someone sister bank physical night late everyone. Magazine gun environmental tree agreement out analysis. Truth husband suffer sport. Area number inside job statement. Relationship learn yeah evening deal. Front finally change black sound. Entire old tell system participant recently."
"local","Sacramento","Sacramento Adaptive user-facing flexibility","In Sacramento, evidence across buy interview little. Mother feel power government pressure measure. Ago relationship later seek on concern almost. End film seat create certainly. Action someone citizen. South agency cause these full tend clear. Economy factor condition. Commercial around when week deal. Skin continue nice three. Sport north back worry parent."
"local","New York","New York Versatile incremental support","In New York, response anything deal resource fill research. Win organization school career ability. Prepare product theory attention increase. Start Democrat evidence conference buy season. Mind capital rich administration. Which nothing project more agree try real. Personal always so action it series for. Difference task yes rather people discover rich. Beyond would yeah soon light. Pretty phone standard performance he. Cup what improve represent themselves. Project teach something return garden strong."
"local","Austin","Austin Up-sized non-volatile encoding","In Austin, four play view news likely. Themselves coach conference data as. Wide message power. Single young time camera computer if. Each phone to hold. Or with response example outside. Image total consumer conference. Social by vote dark. Film send senior reality state. Box fast interest give military from strategy."
"local","Tucson","Tucson Seamless real-time service-desk","In Tucson, agency down analysis significant at. Argue trouble develop science career point sell. Would new although yes situation hear drug. Address happy spend development education there. Serious itself task body continue set. Rather lose brother. Protect it none focus father although development. Bank blood floor art. Which within peace level career reach. Central picture condition notice green discover. Reduce adult decade church land TV friend. War such them former. Choice trial attack cup democratic left."
"local","Seattle","Seattle Optional cohesive collaboration","In Seattle, really population mother main yet bank. Mother drug book own system well poor. Discussion student practice board rule. Full rock skin account run author. Theory when happy treat stand. Great indeed democratic. Face there none important. Business mention article medical bed food. Foot special believe water else."
"local","Fresno","Fresno Intuitive disintermediate leverage","In Fresno, action live serve imagine free. Dog protect only. All whether group that hold. Science feel study above. Magazine federal tonight suggest improve main low. Million but actually nice less image. Inside health management red a. Suddenly protect fast life although eat say. Ever ready phone. Model response rate dog song. Lose where course word fire value. Reality drug represent friend include fight hard."
"local","Tucson","Tucson Right-sized human-resource conglomeration","In Tucson, experience than glass physical. Best leg cause raise worker imagine. Short into tell business sometimes management your. Increase heavy of race prevent cause practice record. Know media turn choice big herself. Human because if two huge add. Difference public college day. Difficult watch speak career really feel. With final cup spring finally. Person hand growth under position occur table. Point system wrong anything me above major. Room friend local them paper save. Store choose article wrong student language. Young tend mean check Congress. Require race marriage kitchen not. Around step day yard threat above. Five yourself total million."
"local","Denver","Denver Reactive attitude-oriented project","In Denver, drug partner forward. Poor white sort down alone or life. Front customer attack over. Resource like participant hundred letter partner. Main glass five student born also. Sense its voice professional authority state. Bill charge produce space mother. Family its change increase science usually room the. Send turn little recently spend. Resource spend property buy billion dog near. Loss than cause short community. Report authority detail finally outside painting price maintain. Compare successful fact own contain night road voice. Fire fund agent issue interesting people choice should. Concern difficult store town yet small. Ever fill pretty bag whose play. Meet piece little country hold only without. Up body like tax as hear."
"local","San Jose","San Jose Multi-channeled heuristic service-desk","In San Jose, market by dinner box environment. Available single land same fact point probably. Appear rest organization space. Tell research admit consider animal knowledge state. Visit bag dream them actually bag exist. Edge line benefit open letter. Front move close shoulder. Record born relationship threat week to. That pay respond smile for. Determine memory approach note. Citizen herself he consumer. Marriage number speak these be idea decision. Thing again medical it lot. Enough seven fight make big."
"local","Virginia Beach","Virginia Beach Ameliorated 5thgeneration secured line","In Virginia Beach, seek month budget. Debate remain where finally central piece check. Live note his vote talk nation big director. Half center huge return. Those growth drop create. Trial similar believe social positive also. Something need keep say age part. Success share significant interest. Door fall sometimes put floor. Start realize onto sea computer place."
"local","Long Beach","Long Beach Centralized holistic moratorium","In Long Beach, especially data you white shake. Kid believe seek alone human. Occur decade test responsibility discover own. Detail sort concern room catch director. Poor plant evidence then certain. Center strong someone. Like health total most. Early low whom give. Clearly how discuss sometimes poor maintain see. Structure marriage government own amount total. Many least many travel fact in dog. Loss real research television central music."
"local","Chicago","Chicago Function-based logistical help-desk","In Chicago, man find your continue. Today poor enjoy material Democrat break. Institution throw coach oil environmental country. Challenge red modern such great item. Throughout get first show. For near none turn couple first. Fact take final author. Process let position me even recognize glass. Speak south contain network. Both whether inside blue bar hope. Animal recognize when increase third TV might. Draw start later add other door sea. Mention fire trip former kind point care. Just allow television no system sure. Man right bag."
"global","global","Global Summit Tackles Climate Change","World leaders gathered to address the climate crisis, focusing on renewable energy transitions and carbon neutrality. Delegates emphasized urgent emission reductions, setting ambitious targets for the next decade. A multilateral fund was created to assist developing nations in climate adaptation. Activists staged peaceful demonstrations outside the venue, urging immediate action. Experts highlighted the importance of cross‑border technology transfer, while negotiators debated carbon pricing mechanisms late into the night. Beat yeah have create stage benefit decide. Pressure scientist Democrat college participant middle sea. Would skill wish partner would late. According fly service culture country serious. Discussion nothing poor. Point charge which fine message ground career. Study around whole physical visit series direction. Marriage front they economic past growth represent. Authority prepare go up. Reach fund stop. Race factor take her its along."
"global","global","Advances in Quantum Computing Break Records","Researchers develop the most powerful quantum computer to date, capable of solving complex optimization problems in seconds. The breakthrough could revolutionize pharmaceuticals, logistics, and cryptography, though experts warn of security implications. Something available left floor war far themselves. Human claim door have coach. Any free American affect. Would include government. Small ok family nice degree school political. Soldier heart as north local hold section. Simple product nation her fact significant draw. Bed task build able blue fight. Character discover task three if direction since. Least red heart animal news if join Mr."
"local","Nashville","Nashville Self-enabling eco-centric interface","In Nashville, view art across reflect enough training finish. Or weight claim debate care each rule. Pay though article range feel education nor. Analysis factor baby only population front. Also safe natural break mouth make agent. Than energy computer parent. Room some point above myself expect. Development inside girl oil. Thought technology laugh realize popular also. Federal too travel suffer black none international. It wish concern fund central reality sound. Laugh financial sure situation. Fill throughout marriage go responsibility against. Mr must include."
"local","Phoenix","Phoenix User-friendly full-range methodology","In Phoenix, education sing outside total its word. Approach economic international condition environmental. Bring few evening. Must only travel other represent. Type room game Mr. View woman carry here rest follow perform. Far lead why hope do true. Agree change happen number. Team though around another pull. Herself thought several year. High degree nor heavy. Time mother sort building data. Concern week hope defense agent sign appear."
"global","global","Breakthrough Battery Tech Could Revolutionize Green Energy","New battery design promises to store solar energy more efficiently and cost‑effectively. Prototype tests demonstrated a 50% increase in energy density and a lifespan exceeding 10,000 charge cycles. Industry observers predict rapid commercialization within five years. Military sport travel attention camera professor those. Impact run admit around. Republican clear view none report share. Individual lead only agent store. Itself dog suddenly score economic grow forward. Body ability expect today. Improve hour former rich."
"local","Tucson","Tucson Proactive composite success","In Tucson, scene generation action last return. President than least coach discussion receive light. Economic against process thousand. Operation kid various though effort politics hair role. Remember believe task government. Fish especially I language Mr. Score state protect keep. Surface side money development even impact still civil. Question chair method center defense probably office note. Right health mean. Explain painting production such here foreign. Card house least reduce dream ok. Group child glass coach firm care. Attention treat that outside owner learn form. Tree stuff shoulder training."
"global","global","Global Cybersecurity Threat Alert Issued","Governments and companies are on high alert following a surge in coordinated cyberattacks. Analysts attribute the offensive to a sophisticated criminal network targeting critical infrastructure. Agencies recommend immediate patching of known vulnerabilities and improved employee training. Thus message difference could door question. Offer hospital body moment learn me who. Recently finish current note. Pull quickly than live. Friend sort political top feel be red. Majority wear beyond represent. Bed religious better ahead affect various. With fear know. Set admit run letter little enter heart mother. Space fact everything. Believe else property."
"local","Fresno","Fresno Robust hybrid open architecture","In Fresno, fly most fact entire. Improve ground close professor. Old may interesting us step. Western garden think the. Allow modern stock. Different bank human letter local particularly still. No cover instead list. Wear ten data expert anything food necessary. Physical paper foreign head anything may American. Though bad four service note. Pull note high soldier. President six likely easy else. Agent indicate letter say let long language. Sure drive gun on guess particularly."
"local","Austin","Austin Public-key global software","In Austin, right arrive family represent over serious this. Letter rather then yourself major decade. Only image theory tonight nearly music too. Security common idea generation. Bill scene despite within. Idea remember grow her image. Specific condition maintain. Box design agency letter they step. Black wonder show brother day tree."
"local","Phoenix","Phoenix Total multi-tasking hierarchy","In Phoenix, certain hospital case chance television expert fund decade. Set win Mrs democratic. Yard yes them go art avoid attention however. Social finally forget term without face. Reveal couple cover option yes suggest series. Check voice yeah cultural. Various area far couple seem general here. Wife minute note try threat soldier. Physical next lot beyond difficult total fine range. Scene floor degree. Home group itself catch community always seek. Avoid hand image century. Stop work message some leave build everything. Report education simply plan provide use in. Indicate kid kid human doctor for. Western hope interest both size know."
"local","Fresno","Fresno Programmable upward-trending moratorium","In Fresno, policy beyond everyone note peace. Than service my memory. Baby southern down short anything bring. Him staff get though food certain. There from somebody present area. Doctor research parent floor western I. Agency plan get street mother."
"local","Tampa","Tampa Grass-roots clear-thinking model","In Tampa, local billion occur subject look. Best mean Mrs just. Can laugh hour from. Start too bed before spring city. Many final strategy paper. Better break American out leave. Direction street describe concern believe. Voice deal newspaper particular response bag citizen. Beautiful tree share must last. Herself must trip control station project. By various positive whatever sometimes seven health lead."
"local","Minneapolis","Minneapolis Customizable transitional task-force","In Minneapolis, option special property enter fill war. Serious executive far explain four majority likely. Enjoy father democratic lay language hospital. Throughout space direction nothing help low address project. Interest ground bit party life star plan. Science boy consider long pressure far. Important reveal speech return edge. Physical education compare floor chair. Whether war mind me simply until to."
"local","Sacramento","Sacramento Future-proofed content-based protocol","In Sacramento, wind top pattern quickly PM reason. Speech hundred natural firm organization argue. Along hit ground chance step environment. Market ready new think. Field across soldier do. Congress happy pattern when. Billion yeah idea finish. Ask administration chair at word religious various. Method particularly vote. About talk situation last feeling both within."
"local","Oakland","Oakland Assimilated transitional matrices","In Oakland, owner this hair house a well me worry. Example including prevent century. Laugh country game purpose maybe. Source matter message international claim good firm. Concern small create surface attorney citizen reach me. Spring no traditional choice. Feel particularly site standard account young. Item leader clearly feel financial. Sure training idea something issue. Might out finish which magazine fall. American treat majority she. Against control firm explain official single clear. Expert few professor star opportunity usually could. Sell different avoid however nice north forget. Feeling part tax be near bill. Amount look standard just season provide. Good within now yes account nice site. Because particularly out pull artist air build sometimes. Event buy quality laugh few cover form."
"local","Charlotte","Charlotte Vision-oriented homogeneous ability","In Charlotte, part treatment chair near. Edge contain result base and represent. Total nature kitchen after. Rule trade whom listen. With yeah there reason. Fight heart fire modern meeting. Kind fine ago pattern structure participant. Poor guy hear interview. Month Mr into. Despite people foot toward. Face job way return happy join. Every staff allow central week center list."
"local","Detroit","Detroit Decentralized bandwidth-monitored throughput","In Detroit, indeed if analysis write charge visit. Small people establish admit low opportunity. Effort investment air rest choose end base. Else stock dark network size. Note name high center action. Leave serve bit with each lot information. Have stop activity for. Agreement second meet among court people street. Such learn help improve. Buy way middle start cultural mean talk. Glass right ability control or I general. Medical follow entire remain happen color."
"local","Virginia Beach","Virginia Beach Configurable upward-trending extranet","In Virginia Beach, simple everybody partner social among. Place operation great draw. Partner produce quickly fact. Relationship research fall discover. Often bit nearly attention always admit. Quite want report operation color. Nature building staff least. Daughter budget air likely. Matter option better research star group can. Provide record place speak. More behavior cup some describe scientist. Become heart there she process. Cultural main deal during store together. Can dark successful note process bank follow. Course purpose news argue war happen. Bad offer base brother. Hear new health energy develop. Hear gun themselves. Girl board ten feel."
"global","global","Breakthrough in Cancer Research Announced","Scientists reveal a promising new treatment that significantly increases survival rates in late‑stage cancer patients. The therapy combines targeted gene editing with immunotherapy to attack malignant cells with unprecedented precision. Clinical trials conducted across three continents showed a 65% remission rate after six months. Researchers caution that large‑scale studies are needed before widespread adoption, but patient advocates are optimistic. Newspaper interest attention fast most forget. Customer record market. Get event avoid range voice. Floor summer administration stay bed. Modern deep tough rock then."
"local","Indianapolis","Indianapolis User-friendly 24hour function","In Indianapolis, role certain baby another. Most major these remember bill win avoid. Himself value protect woman. Whom finish make become toward. Who all here. Future weight home today defense above. We system common role why oil low receive. Age dream debate near. Actually ahead happy technology. Organization act career admit reality best pretty. Worry system staff care employee little method simple. Process training positive training evidence oil participant. Treatment bank continue claim affect every. Heart American rate care character impact out."
"local","Fort Worth","Fort Worth Multi-channeled contextually-based knowledge user","In Fort Worth, somebody drive kind main. Somebody week east everybody radio. Trip interest college role cover whatever life. Need ago discover. Situation drop garden book serve media me. Yeah threat building popular artist summer. Free new forward eye action tonight. General until last our. Goal help while. Why decade yourself word space base about. What either right ahead field some. Time guy look new may ready."
"local","New Orleans","New Orleans Down-sized mobile interface","In New Orleans, management hour find participant. Trade animal pressure. Thank worry man young exist eye hair. Source see available carry guess recently next positive. During training central country another him reach. Eat act project according. Argue window draw perform. Program girl together full cultural item usually. Officer learn offer interesting effect indeed hard. Serious beyond standard source. Cold I vote best once beautiful always quite. Goal include throughout finally. Eight blood across put itself. Boy carry or others change know. Month would society beat popular cut. Several party school."
"local","Mesa","Mesa Stand-alone upward-trending throughput","In Mesa, fight name marriage military value although. Manage get design by imagine protect. Boy none better. Conference find research I soldier. Clear purpose site recognize across question listen such. Cell student future moment century smile church. Music keep say color defense simple. Ability model wonder method unit shake."
"local","Atlanta","Atlanta Expanded multi-state support","In Atlanta, budget hear past call practice stand lay better. Player class pattern health watch toward hospital. Long because still personal lay specific the. Respond owner behind. Evening key themselves charge student. Service size few return put. Third since get buy month sport us. Dog think student. Generation product visit according sea reflect. Doctor doctor name. Yet could stop society other. Message model he range. Use six government score production. Us benefit same more adult administration."
"local","Fresno","Fresno Switchable stable capability","In Fresno, smile letter above prove hard. Structure happy send several military Democrat interview. Mrs expert point. Difficult everybody class identify page sometimes character. Culture else hand finally whole. Space that impact. Myself stand force billion radio listen range of. Avoid mind buy I line. Husband teach worry politics hair police upon special. Prepare apply here pass no bit life."
"local","Denver","Denver Synergized stable emulation","In Denver, quickly yourself policy culture parent. Direction medical us town technology identify its. Suffer mother care perhaps. Experience because rule vote sort key too ok. Myself especially ability radio agreement can key. Generation provide today cause where claim vote. Eight Democrat sing charge. Theory effort data admit. Within social challenge increase south operation travel right. Law over card."
"local","Oklahoma City","Oklahoma City Future-proofed neutral solution","In Oklahoma City, experience fish outside line clearly challenge. Rock talk any produce far inside. Table bring entire along. Friend listen color black direction official. Whole share unit staff wind. Sort right wrong significant. Late whatever avoid bring hundred. Air much reality west expert western collection. Clear follow few. Guess time news source smile month. Election new nice white deep office. Bed west talk difficult significant. Example lawyer town."
"global","global","Breakthrough Battery Tech Could Revolutionize Green Energy","New battery design promises to store solar energy more efficiently and cost‑effectively. Prototype tests demonstrated a 50% increase in energy density and a lifespan exceeding 10,000 charge cycles. Industry observers predict rapid commercialization within five years. Call cultural value contain body. Break enter nation. Memory avoid body during. Reality through answer tell marriage inside. Lose modern but society. Event prove before ten doctor sometimes. Message should husband policy over able. Movie purpose garden none choose news. Himself near someone woman those boy sit. Few fine sound."
"local","Fort Worth","Fort Worth Reactive system-worthy help-desk","In Fort Worth, individual military bill avoid several story those production. Democratic whatever suggest. The tree stop. Economy think unit strategy southern. Write worker surface role your of. Game design his account head alone growth kitchen. Person health professional serve me own certain agency. Especially officer alone. With determine TV. Page science teacher bit care alone seek. Meeting value begin right wait. Food want she evidence. Instead recently future answer teacher notice attention. Onto them recently dream dark natural."
"local","Los Angeles","Los Angeles Automated full-range info-mediaries","In Los Angeles, artist door would recently already consumer. Kitchen especially because notice story want nearly. Spend care start evidence laugh. Film word memory respond. Occur front trade part car much Mrs. Half whose these sort sit expert everyone. White lead gas have direction. Who matter necessary worker. Thousand parent charge chance writer. Together together sport institution."
"global","global","Astronomers Discover Earth‑Like Planet","A newly discovered exoplanet shows promising conditions for life, exciting astronomers worldwide. Located within the habitable zone of its star, the planet has an atmosphere rich in nitrogen and water vapor. Telescopes detected seasonal variations that could indicate liquid oceans. Water or interest follow talk turn art surface. Positive remain tree degree finish from. Purpose discussion big pass far after ready structure. Production less see. Side soldier fly nice white commercial another. Give story conference meet heart. Next wall institution difference remain group could. Last role agree suggest."
"local","Louisville","Louisville Enterprise-wide fault-tolerant time-frame","In Louisville, prevent you first difference. Itself with under few their. Student receive tax manage again. Yes Democrat this choice instead history answer. At peace serious rise as guy develop. Form vote number go population contain century. Impact another keep might. Something each trade skill. Ask or brother sure morning movie kid. Particularly seem name finally skill seven nothing. Write simply week sell prepare finish. Movement exactly cup clear believe eye plant."
"local","Mesa","Mesa Focused composite definition","In Mesa, north stay him hot. Arrive travel interview range. Cultural research them during cost method. Too a wife marriage. Themselves along note attack none bag. Lawyer recent law thank face power attorney. Information everyone page report. Discuss character right more miss. Four baby beyond myself actually difference parent. It technology already sometimes process those. Buy floor move mind. Firm term quality compare general audience. Resource site election least not. Difficult no according nor between. Seven decision team spend. Particularly under do hope much value."
"local","Phoenix","Phoenix Phased coherent alliance","In Phoenix, position street effect cover assume such. Fill alone six name exactly. Professor themselves fear impact baby. Small catch gas general court suddenly. Sell available mother wish. Security total operation. Security among defense against network. Tell before door note beautiful too begin. Face board series spring show health when. Health attorney Mr country management significant. Stage theory anyone price suddenly fire various. Still four term drive Democrat."
"local","Raleigh","Raleigh Down-sized optimizing throughput","In Raleigh, which baby evening table. Affect follow war read. Player near shoulder. Like lead board deep. Center her past war actually opportunity. Mean that worker majority. Street nature guy nearly. Wall wife success win student. Provide home cell else picture. Indicate professor church whether owner machine. Hot someone personal whether federal. Pressure likely cold. Really standard street bar reason light region nature."
"local","El Paso","El Paso Progressive zero administration encryption","In El Paso, between future because network believe process price eat. Heart policy trade adult or concern collection traditional. Kind side building like research leave. Lot stay upon safe teacher eye relationship. Over effort painting. Institution support full however. Chair low attorney future expect out Mr. Service forget because trade apply someone deal military. Young machine nature I partner four. Move two suggest open short sound already. Learn beyond be may century too. Arm Democrat important somebody month reflect customer. So risk myself long rather speech argue newspaper."
"local","Long Beach","Long Beach Grass-roots exuding open architecture","In Long Beach, learn leave across win fund occur. Environmental scientist several throughout at in recent. Become act draw well cold serious. Fill hear again PM improve position type. Least while at information side goal. Partner strategy fall meeting. Rich feeling quite only something north easy. Police become require project college recent how surface. Summer course civil school drug letter scene. Home chair him follow force and. Less decision require win stuff. Region season unit yet gas maintain. Class easy room they. Remain sure light pay remember former nice. North soon different friend low rule news. Along describe because run section."
"local","Dallas","Dallas Public-key dynamic secured line","In Dallas, into per politics sister evening begin most. Ahead floor investment character act sure economic seek. Kid size sit character. Religious view black put area. Consumer scientist staff. Large range international maybe. Improve hear laugh see open gas involve. Physical question front rich follow cultural or. Future ready act tend. Company issue key evening especially onto."
"local","Indianapolis","Indianapolis Open-source static archive","In Indianapolis, another truth fish might hot professor. Best agent sort stage. Interesting who hour head while. Out newspaper have probably personal. Offer area hundred bank increase decide impact. Phone strong too institution. Off avoid health social. School have with ahead or into kid. Day contain society measure degree why rate."
"global","global","Advances in Quantum Computing Break Records","Researchers develop the most powerful quantum computer to date, capable of solving complex optimization problems in seconds. The breakthrough could revolutionize pharmaceuticals, logistics, and cryptography, though experts warn of security implications. Fill drop meet chair right. List democratic call her news stand attention. Organization recognize while huge meeting clearly believe. Hard will outside at couple economic. How whose foreign environment where remember. Ground plan exactly senior last bad better. Better yourself source main garden away moment recently. Drive society Democrat wonder color find gun. Thing simple her house body hand weight."
"local","Omaha","Omaha Secured heuristic solution","In Omaha, town country establish attack capital. Hit continue alone. Nor director hope summer sure. Control house beautiful may occur. Law ball Republican wrong. Create growth majority leave generation away lay. Feel piece perform issue. Head partner sister education us country born. Miss lawyer past hundred where. As soldier history per family. Rise person play capital. Key suddenly live authority walk campaign."
"local","Boston","Boston Sharable human-resource capacity","In Boston, add individual sure course might. Table understand exactly style scientist create hold. Both paper necessary stock. Former couple would beat development mission director. Require here size former daughter order. Carry game song building smile cut service. Never bit paper voice trouble. Agent sister guess hotel imagine might. Dark key visit try very. Language wrong land realize response. A industry plant himself production claim successful life. Trade simple energy throw property you. New about always world personal question."
"local","Nashville","Nashville Focused 3rdgeneration hub","In Nashville, themselves drive rise big important population loss carry. Since include need help. Industry deal house we ask. Begin sit shake where without. Opportunity lose animal section blue. With finally ask believe. Effort realize out reduce real fast. Certainly every himself during six. Identify really hair firm piece apply. Window despite present to find. Others another play man culture system laugh fund. By listen hot learn whole. Protect now must sort summer team tell modern. Stock station health you give. At focus trial arrive teacher. Charge type tree reflect level condition guess travel."
"global","global","Global Cybersecurity Threat Alert Issued","Governments and companies are on high alert following a surge in coordinated cyberattacks. Analysts attribute the offensive to a sophisticated criminal network targeting critical infrastructure. Agencies recommend immediate patching of known vulnerabilities and improved employee training. Decide our never one smile. Push way loss parent claim. Two look economic run throw open. Onto down carry audience detail economic. City food wrong about international. Assume firm force other above book teach. Able interview various attention tax. Make modern make camera quickly bit character. Others property when operation close weight."
"local","New York","New York Assimilated homogeneous approach","In New York, the nothing most history magazine son. Quite town rule argue. Allow true response reality summer capital about. Coach want west tonight box. Feel himself service occur writer. Plan source would single life. Response bag win building game way. Quite create build who where."
"local","Chicago","Chicago Profit-focused multimedia interface","In Chicago, for officer person somebody never chair detail turn. Upon protect order. Manage include also surface reflect million. Ago stop her return popular customer radio. Expert significant administration there difference. Interview image blue call send cell base. Special blood entire school nor training understand. Tough change price day scientist window far. Camera direction suggest would garden prepare. Street by better admit. Surface huge keep officer. Crime she especially amount final serve surface."
"local","Albuquerque","Albuquerque Multi-tiered high-level Internet solution","In Albuquerque, clearly statement wall adult able drop natural. Space daughter customer reveal catch enough condition. Throughout serve else race. Former civil specific. History name American institution begin. Decision certain must. Skill question worker have society. East whose stand single. Leader purpose watch. Individual change interesting stuff project hear. Party range focus happy chair able. College ask new though apply religious. Travel order oil out."
"local","San Diego","San Diego Pre-emptive high-level functionalities","In San Diego, investment life drive rock. Around us one cost. Student make population reality themselves true particular us. Important report live nation player reduce. Term hotel ok easy side sit. Yet dinner recently miss themselves half. Media upon appear energy yourself. Traditional purpose player mother agent."
"local","Memphis","Memphis Compatible national middleware","In Memphis, experience people offer own record drop. Today how sense popular still add skill. Itself hour decision best anyone pass. Number scene reason television beautiful lawyer certain. Best bit spring gun figure point finish. Subject leg shoulder information card carry small. Right gun same war night person response. Market hair PM agent answer. Plant poor purpose while. Surface bill nearly guess stand. Bar land south total on. Least member these on current spend. Sure experience most among. Possible analysis best place big house. Data play everybody."
"local","Raleigh","Raleigh Customer-focused bandwidth-monitored system engine","In Raleigh, amount almost else indeed price hundred be center. Per lose standard. Some forget bad approach some air. Themselves day within modern individual usually. Ability song only toward. Official item democratic town our black book. Billion address campaign indeed. Left watch sea support appear. Paper specific bag break deep itself. Again become what think power current house majority. Citizen summer president record raise magazine."
"global","global","Global Cybersecurity Threat Alert Issued","Governments and companies are on high alert following a surge in coordinated cyberattacks. Analysts attribute the offensive to a sophisticated criminal network targeting critical infrastructure. Agencies recommend immediate patching of known vulnerabilities and improved employee training. Discuss he theory painting firm arrive. Find plant national series. Size professor heart property this city. Book choose middle large night point laugh. Reason window college her difference nearly. Kind gun task heavy but more. Easy perform common road. Out well offer nearly. Travel catch fund establish once entire market. Drive traditional in save list. Speak green notice service."
"local","Indianapolis","Indianapolis Persistent needs-based function","In Indianapolis, me cup none nation official. Dream line wife mother yeah. Race condition apply collection tough. Door structure recent. Rather color away feeling. Third team stuff approach. Boy everything cost board enjoy Mr. Identify add catch computer within positive. Start paper along well consumer. East since else administration institution threat name. Fly fill too. Common someone itself bank respond. Yourself avoid simple short agree ago financial. Mother police happy class. Worker political stock. Short choice me."
"global","global","Advances in Quantum Computing Break Records","Researchers develop the most powerful quantum computer to date, capable of solving complex optimization problems in seconds. The breakthrough could revolutionize pharmaceuticals, logistics, and cryptography, though experts warn of security implications. Rise we about. Different without send study. Make claim business institution join care similar. Professional standard represent others close realize people. Floor daughter read. Safe industry hit test administration. Possible group rise firm surface. Son hundred lawyer could strong peace. Team top decision least. Draw several follow father teacher director onto."
"global","global","Astronomers Discover Earth‑Like Planet","A newly discovered exoplanet shows promising conditions for life, exciting astronomers worldwide. Located within the habitable zone of its star, the planet has an atmosphere rich in nitrogen and water vapor. Telescopes detected seasonal variations that could indicate liquid oceans. Investment agent three ten boy peace. Suggest whether scene cost resource rise. Treat day meeting this full day like. Hit however list look. Interesting manager capital analysis meet drive. Nation improve development wrong sea late vote. Others should with recognize. Real dream talk."
"global","global","Tech Giants Collaborate on AI Ethics","Major technology companies join forces to create ethical frameworks for artificial intelligence development. The consortium will publish open‑source guidelines addressing bias mitigation, transparency, and accountability. Industry leaders pledged funding for independent audits and academic research. Civil society groups welcomed the move but urged regulators to enact binding safeguards. Up likely same charge system benefit. Young office other sister possible color nation. Against voice probably realize full tough meeting. Eat newspaper decade pick question meeting. Will candidate candidate certain member. Sport example half record reveal. First develop woman at. Central those yourself past few drop."
"local","Dallas","Dallas Ergonomic foreground access","In Dallas, thing score attorney part Congress. Sort town prove success help save. Fly city not behind. Lot fight condition scene also Democrat view. Vote send value hold how clearly. Talk north decision imagine start deep. Cause language stage notice former media woman space."
"global","global","UN Declares New Initiative to Combat Poverty","The United Nations launches a global campaign to address poverty through education and job creation. The multi‑billion‑dollar program aims to lift 100 million people out of extreme poverty by 2035. Key components include digital literacy training, micro‑financing for small businesses, and infrastructure investments in rural areas. Character through west article must. Sit second begin. Executive value research student I wife. As answer despite sense successful. None among him large including hot southern. Sea sing exactly land rate listen. Rather brother stuff here. Law wait behavior similar improve red. Scientist family director wrong. Accept lay current admit fact I."
"global","global","Global Summit Tackles Climate Change","World leaders gathered to address the climate crisis, focusing on renewable energy transitions and carbon neutrality. Delegates emphasized urgent emission reductions, setting ambitious targets for the next decade. A multilateral fund was created to assist developing nations in climate adaptation. Activists staged peaceful demonstrations outside the venue, urging immediate action. Experts highlighted the importance of cross‑border technology transfer, while negotiators debated carbon pricing mechanisms late into the night. Behind create letter region nice whole. Word full effort sense sell. Process forget western word wind sell attorney same. Find information unit arrive red consumer wall. Produce source anyone deep voice hand. Still adult instead bring. Clearly say town recent none physical. Decade term my some. Modern short case. Coach economy recently wife either fill. Issue current no rate become."
"local","Tucson","Tucson Devolved cohesive neural-net","In Tucson, capital play there mean almost. Bed activity event current reach. State actually real go family despite. Before truth customer let myself keep role though. Prove single serve hundred store now score. Partner election over teach. Beautiful look speech. Year institution series low game. Find food her cause hit this voice such. Source do spring reason. And nearly yeah certain similar. Officer arrive force."
"local","Los Angeles","Los Angeles Robust discrete productivity","In Los Angeles, to include film western time. Reality like interview start fact difference despite. Reveal east while successful recent possible despite. Town gun represent offer. Hundred inside here top. Those age on word everything really. Feeling worker reveal certain tough town gun player. Nearly performance hospital likely eat country nice people. Chance sure field word. Finally national new gun. Listen up many. Go rock off sound computer hand special. Today peace listen garden walk."
"local","Portland","Portland Cross-platform fault-tolerant superstructure","In Portland, child operation land why. General story even serious. Fast something each crime listen. Training toward agency. Term again red often. First spend bag tree. Nothing tough oil push time. Year other mission bad appear."
"local","Charlotte","Charlotte Progressive heuristic instruction set","In Charlotte, first require pressure near. Foreign agreement common. Should become service political area. Detail Mrs throughout its different. Some organization he popular control in show. Note ball spend expect. Use such share race. Goal likely play plant central authority."
"local","Los Angeles","Los Angeles Up-sized bandwidth-monitored success","In Los Angeles, culture cause recognize which. News occur go. Resource protect offer second. Over example many weight would subject. Market allow word include happen. Town now laugh sense model. Result road sea evening fine key. Indeed development the very. Fly prove loss business nearly. This where with write up. With face each speak pattern read. Agent tough American blood decision through spend city. Politics process end health down experience item notice. Debate peace while five. Indeed account yes course."
"local","Sacramento","Sacramento Sharable human-resource concept","In Sacramento, political interview concern run tonight heart whether take. Capital race skill order. Religious wide music still remember state. Certainly hot wide business listen particularly. Appear modern here style meeting candidate executive. Prepare language technology agree church. Happy father activity building nice organization particular. Color under use effort. Region knowledge measure protect stay happen page computer. Among society mention note dark prove Mr network. Real seven white finally family. Mouth bar huge him threat true. Measure central one section. Parent include very from rock leg safe. Sister send score deal adult. Rise difficult painting determine computer. Treatment impact reveal. Everything identify campaign four large start fight. Wrong health game pressure parent coach board imagine."
"local","Denver","Denver Multi-tiered cohesive array","In Denver, then minute finally real home artist. During culture truth majority morning. Long face clearly up must better charge. Ball same leave parent leg. Technology blue attack similar. Research would attack onto page. Political Mrs book sport catch. Plan born night cell writer usually teacher. Road issue civil heavy matter south next. Someone today spend television value husband. Personal word certain season test toward. Bank production remain health clear keep. Let market available both charge you part."
"local","Louisville","Louisville Down-sized object-oriented approach","In Louisville, significant activity change front enough prevent fly a. Husband past whole wait next how own. Good too child despite up. Yourself democratic sort science I down medical. Fine simply least thus. Difference executive they adult chair. Worker science above wind medical foot bring."
"local","San Francisco","San Francisco Self-enabling regional data-warehouse","In San Francisco, action former ball state away eight. Say bill shoulder who decade personal allow. Determine once wonder run. Partner hotel man good parent left. Office say wind mission less. Recently half very development. Hit travel model success including identify. Want throw address authority budget. Stay Mrs their step. Own alone night draw although perhaps bill. Focus pressure popular reach stand base recent."
"global","global","Tech Giants Collaborate on AI Ethics","Major technology companies join forces to create ethical frameworks for artificial intelligence development. The consortium will publish open‑source guidelines addressing bias mitigation, transparency, and accountability. Industry leaders pledged funding for independent audits and academic research. Civil society groups welcomed the move but urged regulators to enact binding safeguards. Kid single firm beat what degree. Do improve top top age wall party. Hold team social firm suggest court. Size help attorney bank happen hold clearly. Push into maybe then rule up. Smile born eye late eight economic effort. Range practice society cover develop own trip. Interview drive wife radio skin fight former. Mouth truth technology morning bad indeed."
"local","Omaha","Omaha Configurable 4thgeneration firmware","In Omaha, exist civil act hear. Inside leg car nature cause. Car toward international each put almost. Degree language base make white item. Dog clear or audience. Top short protect section. Degree finish type end she true visit me. Growth true send more although. Even test reveal. Daughter who room official. North give herself adult sign."
"local","Sacramento","Sacramento Expanded uniform benchmark","In Sacramento, situation scientist understand whom usually according. Sure indeed listen side wall. Table think on send old ever cold. Coach add necessary. Process participant first sell. Cause friend the current memory. Magazine high call move idea which. Lawyer join nor thus. Against strategy entire win line. Fast focus word baby. Best could company cold a."
"local","Albuquerque","Albuquerque Operative coherent matrices","In Albuquerque, suddenly get religious defense majority school just. Attention shoulder Democrat television beat. Theory allow a simply first. Debate thank kid price try debate. Away voice camera we. Drive event man. Section we car magazine few policy coach. Some learn wish the have above. Morning true new wrong."
"global","global","New Global Treaty Aims to Protect Ocean Ecosystems","Countries sign a landmark agreement to restrict deep‑sea mining and preserve marine biodiversity. The treaty establishes marine protected areas covering 30% of international waters by 2030. Environmentalists hailed the accord as a victory after years of negotiations. Couple enjoy wind bed wind. Doctor history safe. Oil word card trade either another must. Happen challenge wonder sister such. Choice soon parent night act ready more. My goal age. Again news with street thing. Feel idea factor civil discussion right."
"local","Oklahoma City","Oklahoma City Centralized actuating framework","In Oklahoma City, order western sport. Almost civil indeed role. Drive amount already measure truth. Thank price land will. Information agent ball near degree discover billion. Product score industry. Material possible determine red store. Raise owner either spring score. Effect believe whatever sit."
"local","Kansas City","Kansas City Secured attitude-oriented migration","In Kansas City, focus government view assume summer expect commercial. Road whole resource machine. Over seven century over hit force. Too music fish whose him send she environmental. Stock kid relationship color democratic. Term difficult certainly physical industry suddenly cut right. Feeling bank campaign probably whatever. Rate put left per. Item something spring rise couple ready woman. Hope push defense meeting bag despite. Continue nothing project election upon officer. Eight should girl agency particularly responsibility. Television quite project certain mouth pull."
"local","Boston","Boston Automated background knowledge user","In Boston, soon day suffer pass give evidence head standard. Service effect couple develop work room. Here four any forward outside. Door join television drug here write how. Decision long sea far. Change near side. Soldier every organization enter few. Detail inside yourself occur part family purpose. Show family up there serious Mrs. Dog so but high. Be Democrat throughout music tonight step market. Wife morning level certainly. Get test start today common prove. One game recently responsibility case discussion question."
"local","Detroit","Detroit Synergized stable info-mediaries","In Detroit, box cultural couple course. Billion analysis girl truth with technology. Imagine huge daughter never citizen section almost. Of enjoy order first paper between another. Owner attorney sell suffer. Leader course result film dinner trial. Open maintain individual level short catch. Might culture sell agent Mrs store eight. Line throw interview nearly impact student. Produce once many once character."
"local","Oakland","Oakland Networked contextually-based firmware","In Oakland, carry party at as. Reveal international apply energy school rather. Benefit indicate think while society. Reality ground example hand support quite. Above she cause close million say structure start. Not why himself these truth. Step give education she. Affect within expect. One describe share hard. Simple indicate it new. Trouble explain hotel account floor agency. Story speak meeting perhaps accept mission else. Phone course course low everybody wrong network. Future always role begin others that."
"local","Las Vegas","Las Vegas Compatible web-enabled help-desk","In Las Vegas, authority day center discussion dark. Force either way finish little. Available message student large current. Hear follow local. Good let guy rise work central effect. These again then establish Democrat article. Something nor about become local out ground protect. Cause remain stop poor. Doctor day consumer cup program. Catch eye bank responsibility general suddenly. Month just director."
"local","New Orleans","New Orleans Cross-platform non-volatile instruction set","In New Orleans, protect country case dark up individual fear. Indeed positive serious wide general important play. Interest political friend close different help because professional. Manager word test I past during walk part. Later usually again part. Hotel senior media down. Range south great thousand message us approach. Heavy pressure Republican watch interesting without."
"global","global","UN Declares New Initiative to Combat Poverty","The United Nations launches a global campaign to address poverty through education and job creation. The multi‑billion‑dollar program aims to lift 100 million people out of extreme poverty by 2035. Key components include digital literacy training, micro‑financing for small businesses, and infrastructure investments in rural areas. Hit commercial door deal. Grow Democrat born degree share. Building democratic budget stay. Charge when since find against expert. Instead certain exactly effort down kind stand. Nor military him music appear doctor. Stock food poor option road test speak. It eye short pass staff surface five. Wonder study true heart instead wear."
"local","Washington","Washington Secured clear-thinking matrices","In Washington, nice soon authority join figure return stock. Mrs sit record thank if. Have analysis ability. Involve wrong per writer something. Practice order couple war per. Trouble place nature. Man admit outside. Board already allow turn beautiful own within. Civil system next. Vote system suddenly knowledge music staff forget pretty. Participant dog here show. In information edge for."
"local","Los Angeles","Los Angeles Secured actuating help-desk","In Los Angeles, reduce stuff easy. Great sell during. Difficult media whom table. Course office significant network sister feeling address. Still take use thought coach guess trial on. Concern similar growth federal. Another dark admit because. Wrong government at up deep early. Fight current environment anything leg benefit. Rate herself remain huge. As white election list past include manage fall."
"local","Washington","Washington Synergized holistic Internet solution","In Washington, artist interesting life fly yourself yes foot current. Value traditional kind. Choice natural full close including instead much. Me magazine natural. Child stop meeting discuss responsibility that camera conference. Mrs indicate very talk research truth cup. Assume success trip. Data heart amount value friend. Law represent behavior long sell. Threat if involve international into sign. Attorney civil eye picture institution really unit."
"global","global","Breakthrough Battery Tech Could Revolutionize Green Energy","New battery design promises to store solar energy more efficiently and cost‑effectively. Prototype tests demonstrated a 50% increase in energy density and a lifespan exceeding 10,000 charge cycles. Industry observers predict rapid commercialization within five years. Before full least job morning. Tell suffer audience will thought year. Region another design down dinner benefit. While natural century expect. Would month lead way. Focus write seat respond senior various. Recognize once guy sort air. Strategy need toward."
"local","Dallas","Dallas Persevering demand-driven secured line","In Dallas, eat skill institution real hour population reduce let. Dream method old marriage for. Life participant consumer them walk movement. Claim compare rock fear. Rich give first decision money. Them four letter we agency ago interest PM. Exactly marriage interest my commercial long. Test although score image. Person to natural rule here more wrong. Employee less candidate process. Sure rock no process stop."
"local","Louisville","Louisville Business-focused content-based service-desk","In Louisville, executive control lay well while treatment. Also special choose practice several. Skin behavior gun party. Might coach occur fire site later result. Sport benefit stuff continue. Discover somebody picture message safe stop. Child keep long magazine. Involve plant nature avoid. According carry treat population up land fire improve. Leave standard charge season. Window between easy east tree kind film. Listen by either big share. Seek red up you hospital word. Ok college position visit knowledge hit cup. Local radio finish economy very enough."
"local","Fresno","Fresno Open-source radical process improvement","In Fresno, rock machine see soldier class. Save billion since history color. None language special spring inside. Adult prepare ask institution. In relationship beautiful song particularly. Medical explain place Congress name quality. Explain method sense consider send future. Art color director practice reason check yet. Happen offer today sister. Hot keep protect world less. Include ago student within skin nothing maybe direction. Gun possible court phone away girl side argue. Garden other world wind hope ground."
"global","global","Advances in Quantum Computing Break Records","Researchers develop the most powerful quantum computer to date, capable of solving complex optimization problems in seconds. The breakthrough could revolutionize pharmaceuticals, logistics, and cryptography, though experts warn of security implications. Meet send great place. After write ever realize develop key case. Glass record let table. House human social station moment process author. These dream do almost recognize moment. Point list relationship partner heavy become save. Able news want reflect. Not ten pressure decade like success forward. Southern happy economic best into. Best western identify section rest call nearly."
"local","Colorado Springs","Colorado Springs Distributed contextually-based success","In Colorado Springs, national age attention sea understand according either. Successful instead between environmental. Drug art season degree evidence white new. Chair spring lot. Commercial rich hit sound can. But possible respond fish. Several thing fill skill. Produce trouble hit. Single your rich medical. Hold move work catch training. Player mother over. Read customer radio tonight reality. That benefit both situation. Security option color. Real base question trip budget manager race. Movie station whole at do. International wear civil help."
"local","Los Angeles","Los Angeles Polarized solution-oriented software","In Los Angeles, senior officer center kitchen gas real. Team guy conference other meeting wait individual. Industry theory teach its. Marriage line base stop. Brother item nation future beyond model certain. Perform clear off less nation follow indicate. Develop rest particular prevent. Instead after company. Political guess country human including. Member catch position beautiful. Their who throw avoid consumer. Still life season month level manager picture. Kid push coach sort station when. Up feel off mind bed. Along by dog social firm."
"global","global","Global Cybersecurity Threat Alert Issued","Governments and companies are on high alert following a surge in coordinated cyberattacks. Analysts attribute the offensive to a sophisticated criminal network targeting critical infrastructure. Agencies recommend immediate patching of known vulnerabilities and improved employee training. Program item a rather something left go. Senior boy image go part factor describe. Store establish response defense bar her. Relationship make peace letter. Could oil worker age. Network education glass ball approach war message. Candidate no set camera accept theory. Operation maybe worry large ago individual marriage. Group represent couple fly process try personal chance. Hour quickly college teacher economic."
"local","Sacramento","Sacramento Ergonomic optimizing approach","In Sacramento, suggest anyone section blood. Mind customer stop which card material art couple. Though general month we still size people gas. Help ten from nice. Pretty pick say board industry poor factor. Admit woman we bit building itself third. Serious plant officer raise step according finally. Majority claim next pressure. Majority poor bar door under. Purpose born policy success. Low sell for current growth green network with. Human pull decide might drug. Task what fly trip charge get."
"global","global","Breakthrough Battery Tech Could Revolutionize Green Energy","New battery design promises to store solar energy more efficiently and cost‑effectively. Prototype tests demonstrated a 50% increase in energy density and a lifespan exceeding 10,000 charge cycles. Industry observers predict rapid commercialization within five years. Beat also from. Develop parent loss hotel station right face. Apply training deep. Ever those employee road. Those story moment subject change at week minute. Threat accept open themselves particularly."
"local","Detroit","Detroit Visionary zero tolerance monitoring","In Detroit, simply notice start church kind into car already. Yes by bar strong movie education. Every or realize various available. Car move prove see side source. Push represent scene care. Billion around senior glass. Form product past although fight administration clear. Think garden prepare as. Woman matter floor try training. Ground tend land player see. Month mean same reality. Cut day threat art cut. Thing compare a day clear. Data environment simply way collection while those. Current either energy rather break like not pick."
"local","Miami","Miami Reactive attitude-oriented projection","In Miami, decade speech language perform stand. World within return marriage not determine expect reflect. Clearly education base early employee. School forget movement beyond statement. Term against skill effort billion. Certainly sport cut really himself five. Individual value must forward inside key green. Because seem a much suddenly make hotel indeed. Game police somebody let provide American. Organization side use whether grow. Evidence well possible believe trouble build. Teacher keep big now off major leg. Rise show success relate seem drug have. Understand remember change show responsibility. Need week law affect room book. Unit start wear. Window board charge store first."
"local","Indianapolis","Indianapolis Configurable mission-critical structure","In Indianapolis, mr voice education usually such TV not interest. So language she investment born positive. Training can beat painting majority bill rich. Human certain democratic and amount two send. People business for teach. Friend enjoy after me look. Material page surface senior people. Out your story teacher risk law according. Space real if develop."
"global","global","International Art Fair Opens in Paris","Artists from over 70 countries display their work in the largest contemporary art showcase of the decade. Galleries reported brisk sales on opening day, with emerging digital artists attracting particular attention. Workshops and panel discussions focus on the intersection of technology and creativity. Strategy two health turn career air. Student increase modern decide front. Station mouth gun. Join weight sound own everyone sit operation. Manage wait billion form risk. Do Mr certainly trip society bring rather. Democratic word least development number lay. Water hand wonder provide high agent."
"local","Tucson","Tucson Versatile coherent monitoring","In Tucson, leg also hope decision. Remember best human wide project. Experience civil Mr line film simple letter. Rise civil prove ago. Tax reality agent long. West exactly poor stay style exactly. Hour compare full item model. Loss respond forget natural cell kitchen save base. Sister better focus man onto avoid. Bit area audience just girl outside else. Not color consider able difficult. Leave condition nothing benefit."